{
    "indicadores": [
        {
            "nome": "cdi",
            "valor": 9.15
        },
        {
            "nome": "ipca",
            "valor": 10.06
        }
    ],
    "simulacoes": [
        {
            "tipoIndexacao": "pre",
            "tipoRendimento": "bruto",
            "valorFinalBruto": 2048.09,
            "aliquotaIR": 0,
            "valorPagoIR": 0,
            "valorTotalInvestido": 1000,
            "valorFinalLiquido": 2048.09,
            "ganhoLiquido": 1048.08,
            "graficoValores": {
                "comAporte": {
                    "0": 1000,
                    "1": 1103.2737397822002,
                    "2": 1206.8855709147763,
                    "3": 1310.8366002208454,
                    "4": 1415.1279381469494,
                    "5": 1519.7606987749612,
                    "6": 1624.7359998339643,
                    "7": 1730.0549627121918,
                    "8": 1835.7187124690122,
                    "9": 1941.7283778469462,
                    "10": 2048.0850912837323
                },
                "semAporte": {
                    "0": 1000,
                    "1": 1003.273739782199,
                    "2": 1006.5581969365594,
                    "3": 1009.853406548969,
                    "4": 1013.1594038201774,
                    "5": 1016.4762240661724,
                    "6": 1019.8039027185573,
                    "7": 1023.1424753249288,
                    "8": 1026.4919775492574,
                    "9": 1029.8524451722683,
                    "10": 1033.2239140918239
                }
            }
        },
        {
            "tipoIndexacao": "pos",
            "tipoRendimento": "bruto",
            "valorFinalBruto": 2004.24,
            "aliquotaIR": 0,
            "valorPagoIR": 0,
            "valorTotalInvestido": 1000.00,
            "valorFinalLiquido": 2004.24,
            "ganhoLiquido": 1004.24,
            "graficoValores": {
                "comAporte": {
                    "0": 1000,
                    "1": 1100.2919342696182,
                    "2": 1200.6131471917915,
                    "3": 1300.9636473140404,
                    "4": 1401.343443186277,
                    "5": 1501.7525433609044,
                    "6": 1602.190956392717,
                    "7": 1702.6586908394388,
                    "8": 1803.155755260795,
                    "9": 1903.6821582191965,
                    "10": 2004.2379082796901
                },
                "semAporte": {
                    "0": 1000,
                    "1": 1000.2919342696304,
                    "2": 1000.5839537648784,
                    "3": 1000.8760585106247,
                    "4": 1001.1682485317566,
                    "5": 1001.4605238531689,
                    "6": 1001.7528844997634,
                    "7": 1002.0453304964501,
                    "8": 1002.3378618681451,
                    "9": 1002.6304786397724,
                    "10": 1002.9231808362633
                }
            }
        },
        {
            "tipoIndexacao": "ipca",
            "tipoRendimento": "bruto",
            "valorFinalBruto": 2004.24,
            "aliquotaIR": 0,
            "valorPagoIR": 0,
            "valorTotalInvestido": 1000.00,
            "valorFinalLiquido": 2004.24,
            "ganhoLiquido": 1004.24,
            "graficoValores": {
                "comAporte": {
                    "0": 1000,
                    "1": 1100.2919342696182,
                    "2": 1200.6131471917915,
                    "3": 1300.9636473140404,
                    "4": 1401.343443186277,
                    "5": 1501.7525433609044,
                    "6": 1602.190956392717,
                    "7": 1702.6586908394388,
                    "8": 1803.155755260795,
                    "9": 1903.6821582191965,
                    "10": 2004.2379082796901
                },
                "semAporte": {
                    "0": 1000,
                    "1": 1000.2919342696304,
                    "2": 1000.5839537648784,
                    "3": 1000.8760585106247,
                    "4": 1001.1682485317566,
                    "5": 1001.4605238531689,
                    "6": 1001.7528844997634,
                    "7": 1002.0453304964501,
                    "8": 1002.3378618681451,
                    "9": 1002.6304786397724,
                    "10": 1002.9231808362633
                }
            }
        },
        {
            "tipoIndexacao": "pre",
            "tipoRendimento": "liquido",
            "valorFinalBruto": 2048.09,
            "aliquotaIR": 20,
            "valorPagoIR": 209.62,
            "valorTotalInvestido": 1000.00,
            "valorFinalLiquido": 1838.47,
            "ganhoLiquido": 838.47,
            "graficoValores": {
                "comAporte": {
                "0": 1000,
                "1": 1103.2737397822002,
                "2": 1206.8855709147763,
                "3": 1310.8366002208454,
                "4": 1415.1279381469494,
                "5": 1519.7606987749612,
                "6": 1624.7359998339643,
                "7": 1730.0549627121918,
                "8": 1835.7187124690122,
                "9": 1941.7283778469462,
                "10": 2048.0850912837323
                },
                "semAporte": {
                "0": 1000,
                "1": 1003.273739782199,
                "2": 1006.5581969365594,
                "3": 1009.853406548969,
                "4": 1013.1594038201774,
                "5": 1016.4762240661724,
                "6": 1019.8039027185573,
                "7": 1023.1424753249288,
                "8": 1026.4919775492574,
                "9": 1029.8524451722683,
                "10": 1033.2239140918239
                }
            }
        },
        {
            "tipoIndexacao": "pos",
            "tipoRendimento": "liquido",
            "valorFinalBruto": 2004.24,
            "aliquotaIR": 20,
            "valorPagoIR": 200.85,
            "valorTotalInvestido": 1000.00,
            "valorFinalLiquido": 1803.39,
            "ganhoLiquido": 803.39,
            "graficoValores": {
                "comAporte": {
                "0": 1000,
                "1": 1100.2919342696182,
                "2": 1200.6131471917915,
                "3": 1300.9636473140404,
                "4": 1401.343443186277,
                "5": 1501.7525433609044,
                "6": 1602.190956392717,
                "7": 1702.6586908394388,
                "8": 1803.155755260795,
                "9": 1903.6821582191965,
                "10": 2004.2379082796901
                },
                "semAporte": {
                "0": 1000,
                "1": 1000.2919342696304,
                "2": 1000.5839537648784,
                "3": 1000.8760585106247,
                "4": 1001.1682485317566,
                "5": 1001.4605238531689,
                "6": 1001.7528844997634,
                "7": 1002.0453304964501,
                "8": 1002.3378618681451,
                "9": 1002.6304786397724,
                "10": 1002.9231808362633
                }
            }
        },
        {
            "tipoIndexacao": "ipca",
            "tipoRendimento": "liquido",
            "valorFinalBruto": 2004.24,
            "aliquotaIR": 20,
            "valorPagoIR": 200.85,
            "valorTotalInvestido": 1000.00,
            "valorFinalLiquido": 1803.39,
            "ganhoLiquido": 803.39,
            "graficoValores": {
                "comAporte": {
                "0": 1000,
                "1": 1100.2919342696182,
                "2": 1200.6131471917915,
                "3": 1300.9636473140404,
                "4": 1401.343443186277,
                "5": 1501.7525433609044,
                "6": 1602.190956392717,
                "7": 1702.6586908394388,
                "8": 1803.155755260795,
                "9": 1903.6821582191965,
                "10": 2004.2379082796901
                },